<?xml version='1.0' encoding='utf-8' standalone='yes' ?>
<map>
    <string name="preInstallName">vivootapreload_int</string>
    <long name="prev_session_dur" value="24" />
    <long name="af_rc_max_age" value="86400" />
    <boolean name="ddl_sent" value="true" />
    <string name="sentSuccessfully">true</string>
    <string name="af_remote_config">eyJmZWF0dXJlcyI6e30sInZlciI6ImRlZmF1bHQudjEuMTYzNzE0OTUyOSJ9</string>
    <int name="versionCode" value="20086" />
    <string name="savedProperties">{&quot;uid&quot;:&quot;1755019428673-7734777800149414740&quot;,&quot;preInstallName&quot;:&quot;vivootapreload_int&quot;,&quot;logLevel&quot;:&quot;0&quot;,&quot;advertiserId&quot;:&quot;76a53e33-e904-4d8a-82f2-d6f96f26d8fd&quot;,&quot;advertiserIdEnabled&quot;:&quot;true&quot;}</string>
    <string name="AF_INSTALLATION">1755019428673-7734777800149414740</string>
    <boolean name="afUninstallToken_queued" value="false" />
    <int name="appsFlyerCount" value="2" />
    <long name="af_rc_timestamp" value="1755019423479" />
    <long name="AppsFlyerTimePassedSincePrevLaunch" value="1755019439654" />
    <boolean name="newGPReferrerSent" value="true" />
    <string name="appsFlyerFirstInstall">2025-08-12_172348+0000</string>
    <string name="attributionId">{&quot;install_time&quot;:&quot;2025-08-12 17:23:50.092&quot;,&quot;af_message&quot;:&quot;organic install&quot;,&quot;af_status&quot;:&quot;Organic&quot;,&quot;is_first_launch&quot;:false}</string>
</map>
