<?xml version='1.0' encoding='utf-8' standalone='yes' ?>
<map>
    <long name="first_open_time" value="1755019422748" />
    <string name="gmp_app_id">1:732565920259:android:f6e58ab0ed20c3cd</string>
    <string name="app_instance_id">9a974e8f4d746cf15b84bced616e39cc</string>
    <long name="session_id" value="1755019423" />
    <boolean name="app_backgrounded" value="true" />
    <long name="health_monitor:start" value="1755019423285" />
    <boolean name="use_service" value="true" />
    <boolean name="deferred_analytics_collection" value="false" />
    <string name="previous_os_version">15</string>
    <boolean name="has_been_opened" value="true" />
    <boolean name="allow_remote_dynamite" value="true" />
    <long name="last_pause_time" value="1755019463813" />
    <boolean name="start_new_session" value="false" />
</map>
