<?xml version='1.0' encoding='utf-8' standalone='yes' ?>
<map>
    <set name="fire-transport/18.2.0 fire-cls/18.6.2 device-brand/vivo fire-sessions/1.2.1 kotlin/1.8.22 android-min-sdk/24 fire-fcm-ktx/24.0.0 fire-android/35 fire-core/21.0.0 device-name/V2231 device-model/V2231 fire-core-ktx/21.0.0 android-installer/com.google.android.packageinstaller fire-installations/17.2.0 android-platform/ fire-fcm/24.0.0 android-target-sdk/34">
        <string>2025-08-31</string>
    </set>
    <long name="fire-count" value="1" />
    <string name="last-used-date">2025-08-31</string>
    <long name="fire-global" value="1756652953590" />
</map>
