<?xml version='1.0' encoding='utf-8' standalone='yes' ?>
<map>
    <string name="deviceId:48K-8WW-754Z">__0585d265b3a9444bacc25c8872b97065</string>
    <int name="lastSessionId:48K-8WW-754Z" value="1755019423" />
    <boolean name="OptOut:__0585d265b3a9444bacc25c8872b97065:48K-8WW-754Z" value="false" />
    <int name="istc_inapp:__0585d265b3a9444bacc25c8872b97065:48K-8WW-754Z" value="0" />
    <string name="fcm_token:48K-8WW-754Z">ei23EYEWRom2WyGB2CSgcT:APA91bF3UtQB0Ic1lTp87VR19-EIGWqkbTr_K64pNEI7hvK_0Yz_O6SnkvCxbw5il_a4sSnqrRzGsEA-nWFlE88Pz2DAeih9U0s44pzQDTomgv_-lBQZvUE</string>
    <boolean name="NetworkInfo:48K-8WW-754Z" value="true" />
    <string name="comms_dmn:48K-8WW-754Z">eu1.clevertap-prod.com</string>
    <int name="comms_last_ts:48K-8WW-754Z" value="1755019462" />
    <int name="comms_first_ts:48K-8WW-754Z" value="1755019425" />
    <int name="local_in_app_count" value="1" />
    <int name="sexe:48K-8WW-754Z" value="1755019463" />
    <string name="ict_date:__0585d265b3a9444bacc25c8872b97065:48K-8WW-754Z">12082025</string>
    <int name="comms_mtd:48K-8WW-754Z" value="0" />
    <int name="pfjobid" value="238148191" />
    <string name="instance:48K-8WW-754Z">{&quot;accountId&quot;:&quot;48K-8WW-754Z&quot;,&quot;accountToken&quot;:&quot;00b-3b4&quot;,&quot;fcmSenderId&quot;:&quot;732565920259&quot;,&quot;analyticsOnly&quot;:false,&quot;isDefaultInstance&quot;:true,&quot;useGoogleAdId&quot;:false,&quot;disableAppLaunchedEvent&quot;:false,&quot;personalization&quot;:true,&quot;debugLevel&quot;:0,&quot;createdPostAppLaunch&quot;:false,&quot;sslPinning&quot;:false,&quot;backgroundSync&quot;:true,&quot;getEnableCustomCleverTapId&quot;:false,&quot;beta&quot;:false,&quot;allowedPushTypes&quot;:[&quot;FCM&quot;,&quot;XPS&quot;,&quot;HPS&quot;,&quot;BPS&quot;,&quot;ADM&quot;],&quot;encryptionLevel&quot;:0}</string>
    <string name="comms_dmn_spiky:48K-8WW-754Z">eu1-spiky.clevertap-prod.com</string>
    <string name="SP_KEY_PROFILE_IDENTITIES:48K-8WW-754Z">Email,Identity</string>
    <string name="cachedGUIDsKey:48K-8WW-754Z">{&quot;Email_&quot;:&quot;__0585d265b3a9444bacc25c8872b97065&quot;,&quot;Identity_2301131700133807216&quot;:&quot;__0585d265b3a9444bacc25c8872b97065&quot;}</string>
</map>
