<?xml version='1.0' encoding='utf-8' standalone='yes' ?>
<map>
    <string name="page_visit:48K-8WW-754Z">13|1755019328|1755019363</string>
    <string name="Notification Clicked:48K-8WW-754Z">1|1755019360|1755019360</string>
    <string name="App Launched:48K-8WW-754Z">2|1755019328|1755019355</string>
    <string name="user_age_gender_submit:48K-8WW-754Z">2|1755019339|1755019339</string>
    <string name="Notification Viewed:48K-8WW-754Z">1|1755019358|1755019358</string>
    <string name="disable_push_notification:48K-8WW-754Z">1|1755019357|1755019357</string>
</map>
