<?xml version='1.0' encoding='utf-8' standalone='yes' ?>
<map>
    <int name="istc_inapp:__839f44804f0245b393f3589ad8ebc101:48K-8WW-754Z" value="0" />
    <string name="deviceId:48K-8WW-754Z">__839f44804f0245b393f3589ad8ebc101</string>
    <int name="lastSessionId:48K-8WW-754Z" value="1755019355" />
    <string name="fcm_token:48K-8WW-754Z">eOAPab80TwSZq4qzsiIzXE:APA91bE1BsIsq8_WYnve-FJfsalG1HPGid-Jcjue-glia5DxJrpD_SpQ-GXlLGMAY_V3Z_-q9uOYQyIqvI7tRnp2eYoQRdkd1G4FLVx33eSOoELXu9cDAGQ</string>
    <boolean name="NetworkInfo:48K-8WW-754Z" value="true" />
    <string name="variablesKey:48K-8WW-754Z">{}</string>
    <string name="comms_dmn:48K-8WW-754Z">eu1.clevertap-prod.com</string>
    <int name="comms_last_ts:48K-8WW-754Z" value="1755019364" />
    <int name="comms_first_ts:48K-8WW-754Z" value="1755019356" />
    <boolean name="OptOut:__839f44804f0245b393f3589ad8ebc101:48K-8WW-754Z" value="false" />
    <int name="local_in_app_count" value="1" />
    <int name="sexe:48K-8WW-754Z" value="1755019365" />
    <int name="comms_mtd:48K-8WW-754Z" value="0" />
    <int name="pfjobid" value="238148191" />
    <string name="instance:48K-8WW-754Z">{&quot;accountId&quot;:&quot;48K-8WW-754Z&quot;,&quot;accountToken&quot;:&quot;00b-3b4&quot;,&quot;fcmSenderId&quot;:&quot;732565920259&quot;,&quot;analyticsOnly&quot;:false,&quot;isDefaultInstance&quot;:true,&quot;useGoogleAdId&quot;:false,&quot;disableAppLaunchedEvent&quot;:false,&quot;personalization&quot;:true,&quot;debugLevel&quot;:0,&quot;createdPostAppLaunch&quot;:false,&quot;sslPinning&quot;:false,&quot;backgroundSync&quot;:true,&quot;getEnableCustomCleverTapId&quot;:false,&quot;beta&quot;:false,&quot;allowedPushTypes&quot;:[&quot;FCM&quot;,&quot;XPS&quot;,&quot;HPS&quot;,&quot;BPS&quot;,&quot;ADM&quot;],&quot;encryptionLevel&quot;:0}</string>
    <int name="istc_inapp:__cc6f8e6237754a5a88abd130d6b91c17:48K-8WW-754Z" value="0" />
    <boolean name="OptOut:__cc6f8e6237754a5a88abd130d6b91c17:48K-8WW-754Z" value="false" />
    <string name="ict_date:__cc6f8e6237754a5a88abd130d6b91c17:48K-8WW-754Z">12082025</string>
    <string name="comms_dmn_spiky:48K-8WW-754Z">eu1-spiky.clevertap-prod.com</string>
    <string name="SP_KEY_PROFILE_IDENTITIES:48K-8WW-754Z">Email,Identity</string>
    <string name="cachedGUIDsKey:48K-8WW-754Z">{&quot;Email_&quot;:&quot;__839f44804f0245b393f3589ad8ebc101&quot;,&quot;Identity_2212200527188662002&quot;:&quot;__839f44804f0245b393f3589ad8ebc101&quot;,&quot;Email_rakibmunshi721@gmail.com&quot;:&quot;__839f44804f0245b393f3589ad8ebc101&quot;}</string>
    <string name="ict_date:__839f44804f0245b393f3589ad8ebc101:48K-8WW-754Z">12082025</string>
</map>
