<?xml version='1.0' encoding='utf-8' standalone='yes' ?>
<map>
    <string name="page_visit:48K-8WW-754Z">15|1755019423|1755019461</string>
    <string name="Notification Clicked:48K-8WW-754Z">1|1755019460|1755019460</string>
    <string name="App Launched:48K-8WW-754Z">1|1755019423|1755019423</string>
    <string name="user_age_gender_submit:48K-8WW-754Z">2|1755019436|1755019436</string>
    <string name="Notification Viewed:48K-8WW-754Z">1|1755019460|1755019460</string>
    <string name="disable_push_notification:48K-8WW-754Z">1|1755019458|1755019458</string>
</map>
