<?xml version='1.0' encoding='utf-8' standalone='yes' ?>
<map>
    <int name="d_ts" value="1755019427" />
    <int name="dh" value="1818086569" />
    <int name="hgt" value="4" />
    <string name="av">6.15.64</string>
    <int name="v" value="2" />
    <int name="wdt" value="2" />
    <string name="j_n">Zw==</string>
    <string name="i_n">ZWlifwoBAQdmYw==</string>
    <int name="r_ts" value="1755019463" />
    <string name="id">48K-8WW-754Z</string>
    <string name="k_n">DHhgeAIBAAdmbWJ7ZmlhcwIHAwVheA8=</string>
    <string name="j_s">{}</string>
</map>
