<?xml version='1.0' encoding='utf-8' standalone='yes' ?>
<map>
    <long name="com.facebook.appevents.SessionInfo.sessionStartTime" value="1755054227428" />
    <long name="com.facebook.appevents.SessionInfo.sessionEndTime" value="1755054235320" />
    <boolean name="bg_startup_tracing" value="false" />
    <int name="com.encdata.Teamxpros.classes.originalInstallVersionCode" value="240011251" />
    <int name="com.facebook.appevents.SessionInfo.interruptionCount" value="1" />
    <long name="com.encdata.Teamxpros.classes.cloneTimestamp" value="1742657982366" />
    <string name="com.facebook.appevents.SessionInfo.sessionId">6a2cea8c-521a-4ff2-bac9-c65b5723b67f</string>
</map>
