{"Fid":"fW-wwxDcRyubzq49YO2gT2","Status":3,"AuthToken":"eyJhbGciOiJFUzI1NiIsInR5cCI6IkpXVCJ9.eyJhcHBJZCI6IjE6ODc2MzMzMzcxNTk2OmFuZHJvaWQ6OTJlMjQzNjFhNmE0YWIzY2Y4MzI2OSIsImV4cCI6MTc1NTY1OTAyNywiZmlkIjoiZlctd3d4RGNSeXVienE0OVlPMmdUMiIsInByb2plY3ROdW1iZXIiOjg3NjMzMzM3MTU5Nn0.AB2LPV8wRQIgLMaT77yHAMKRC0rZQvhQA5532P0yYrEbdhNId2lu-r8CIQDY32fr8B5TUPrEc2HnNYAhM3JyWKbrRfP6jsCOlxAh5A","RefreshToken":"3_AS3qfwJufpj1Eobt8k-FR8RiqZ66eUff0JlCjppAE3h7lZSLCQfxdDoFTGS7qTQGw_p9pQoNWRo7tUq5lTOtDrPwfyB3f3PBrkP7SHrtQKklUw","TokenCreationEpochInSecs":1755054227,"ExpiresInSecs":604800}