{"Fid":"cnI_H0L7TtOwAxcGr_OcmO","Status":3,"AuthToken":"eyJhbGciOiJFUzI1NiIsInR5cCI6IkpXVCJ9.eyJhcHBJZCI6IjE6NjM2ODEzODMyNjYyOmFuZHJvaWQ6NmVlMWZhZWNlZGIzYjFkYmZjNzQ3NyIsImV4cCI6MTc1NTY1OTAyNywiZmlkIjoiY25JX0gwTDdUdE93QXhjR3JfT2NtTyIsInByb2plY3ROdW1iZXIiOjYzNjgxMzgzMjY2Mn0.AB2LPV8wRQIhAODvZ4PPqPMHUxwa4Lz1Ehck4e9omZbEBR8Ul_BIsyb_AiAc6scBPRvN0RqKpAdAkTuN3MMYq66m1Au59dbHPWwvgA","RefreshToken":"3_AS3qfwLP-1Etm83j2r-R4ZdWXThT4yRJd81TDNQRVr7wAueltSIKC5Wa0V6E13QyVwYhfVafgXX8JLeDLM1xkoM-41DSrTIy-Hy7iX4yGv6iB6g","TokenCreationEpochInSecs":1755054227,"ExpiresInSecs":604800}