{"Fid":"fVxYUI1VQ2aC87Vd8fZSrn","Status":3,"AuthToken":"eyJhbGciOiJFUzI1NiIsInR5cCI6IkpXVCJ9.eyJhcHBJZCI6IjE6ODc2MzMzMzcxNTk2OmFuZHJvaWQ6OTJlMjQzNjFhNmE0YWIzY2Y4MzI2OSIsImV4cCI6MTc1NTY1ODc1OSwiZmlkIjoiZlZ4WVVJMVZRMmFDODdWZDhmWlNybiIsInByb2plY3ROdW1iZXIiOjg3NjMzMzM3MTU5Nn0.AB2LPV8wRAIgZCxTNVlXLXoZ6SrzrVzQ5_pCBKhC3ATT3mh48zb2UCoCIC0bXe3iU9ziuN8cg_inod8wvLUC2fHzxLNTuZBdoQps","RefreshToken":"3_AS3qfwJg8vxk83c75cCMBY7X4r_8CJ79ONnU_iBo6rx1kEo00j9pk2LHAzHKnTC9O3Q7Y2-Zq9Iucxx-BvOOvkT_krsXXtLTQ3v5d-1Y7DyRSQ","TokenCreationEpochInSecs":1755053959,"ExpiresInSecs":604800}