{"Fid":"cDqQ4vkVTc6o0oAtl5Qaad","Status":3,"AuthToken":"eyJhbGciOiJFUzI1NiIsInR5cCI6IkpXVCJ9.eyJhcHBJZCI6IjE6NjM2ODEzODMyNjYyOmFuZHJvaWQ6NmVlMWZhZWNlZGIzYjFkYmZjNzQ3NyIsImV4cCI6MTc1NTY1ODc1OCwiZmlkIjoiY0RxUTR2a1ZUYzZvMG9BdGw1UWFhZCIsInByb2plY3ROdW1iZXIiOjYzNjgxMzgzMjY2Mn0.AB2LPV8wRAIgcStNJcVhl2rTg-BGbEPQRuBZtH1a26Fjdn7qAD2nRfQCIDl7Kktv8dpI-ySixA96kh723f3ZUtvLeSCpcDbYSDgw","RefreshToken":"3_AS3qfwLxFhKgDdBypay_Gez9mutCxrQ1ZOuJEYH_r7jnvlpIa3jBSVnKohg8Yim7aKphvEfToyKaw2b3cJ_WX5DBAir9TcKCT-tXtv9_hOJ_qy4","TokenCreationEpochInSecs":1755053958,"ExpiresInSecs":604800}