{"Fid":"fkK9OYs0TXW_XgYRpr0zAP","Status":3,"AuthToken":"eyJhbGciOiJFUzI1NiIsInR5cCI6IkpXVCJ9.eyJhcHBJZCI6IjE6MjM1MDI3NTQ5MzMyOmFuZHJvaWQ6ZWM5ZGMwOTM1YjhhNmZiNzk2Nzg4MSIsImV4cCI6MTc1NzI1Nzc1NSwiZmlkIjoiZmtLOU9ZczBUWFdfWGdZUnByMHpBUCIsInByb2plY3ROdW1iZXIiOjIzNTAyNzU0OTMzMn0.AB2LPV8wRQIhAOZ67UcWiV9KREOTm8rWustPIaieXbzgM3nPFo4EPCaiAiBF2w044VM7lovG6BfdQ8-eP5W6BGZwpkoo2sTaMHYk0g","RefreshToken":"3_AS3qfwLVzvnuFWVvCDuz93Gj8hEz8Rkqr8TVxnx2KFB6Z6d8-GrErvjJU84cEsHMB91krZdyx4IIX0C4fUZDWeLHoh-N5bEogvUUdQEhV975QLA","TokenCreationEpochInSecs":1756652955,"ExpiresInSecs":604800}