{"Fid":"eOAPab80TwSZq4qzsiIzXE","Status":3,"AuthToken":"eyJhbGciOiJFUzI1NiIsInR5cCI6IkpXVCJ9.eyJhcHBJZCI6IjE6NzMyNTY1OTIwMjU5OmFuZHJvaWQ6ZjZlNThhYjBlZDIwYzNjZCIsImV4cCI6MTc1NTYyNDEzMCwiZmlkIjoiZU9BUGFiODBUd1NacTRxenNpSXpYRSIsInByb2plY3ROdW1iZXIiOjczMjU2NTkyMDI1OX0.AB2LPV8wRAIgKKGlcTzAuRhzN77RxDKGta-Q137jWEi8ocqEgyiXjj0CIDfdsRf131dWmTr3FzWh_9C34FZ8mbHSgXEetH1loM1m","RefreshToken":"3_AS3qfwLCu1hBR9kwftD4nLQbJcMQoqo4vC22B3C9UUvzAv6O842550UvGZrZRiB_3VC1Kr_6zVdsdWSHMVQ1X-bGlY1zFJLE0hngsbB0GEaWZKc","TokenCreationEpochInSecs":1755019330,"ExpiresInSecs":604800}