{"Fid":"ei23EYEWRom2WyGB2CSgcT","Status":3,"AuthToken":"eyJhbGciOiJFUzI1NiIsInR5cCI6IkpXVCJ9.eyJhcHBJZCI6IjE6NzMyNTY1OTIwMjU5OmFuZHJvaWQ6ZjZlNThhYjBlZDIwYzNjZCIsImV4cCI6MTc1NTYyNDIyNSwiZmlkIjoiZWkyM0VZRVdSb20yV3lHQjJDU2djVCIsInByb2plY3ROdW1iZXIiOjczMjU2NTkyMDI1OX0.AB2LPV8wRAIgKDqBd0J1NqU-s6mwqkI8A9js01Nhanhkjsx_79XFljoCIFbESq7bCJhVQhNZnvV2JqHWoYVlvkBbqzQcqjuGusBU","RefreshToken":"3_AS3qfwJYEyHNDLZ4Z2S-MLGoY8ik39IwxdC7igW7FwtHjbaNK6U-4UKdywtd4ibK2Ga2YE1mjtXX5MIu-wYZ-2CeNTiiWXvxuBMS56QPci8ogw0","TokenCreationEpochInSecs":1755019425,"ExpiresInSecs":604800}