{"Fid":"cQg9PDeiaxlgfeCTc_yYUG","Status":3,"AuthToken":"eyJhbGciOiJFUzI1NiIsInR5cCI6IkpXVCJ9.eyJhcHBJZCI6IjE6NzMyNTY1OTIwMjU5OmFuZHJvaWQ6ZjZlNThhYjBlZDIwYzNjZCIsImV4cCI6MTc1NTY3MzM2NCwiZmlkIjoiY1FnOVBEZWlheGxnZmVDVGNfeVlVRyIsInByb2plY3ROdW1iZXIiOjczMjU2NTkyMDI1OX0.AB2LPV8wRQIgc8WGPUFE3-alOyLNqNwPrJ5aC-RX0K6Tkm-cYhtcCtoCIQDPxmK-H_sBr6HWzIracLlmWQYnpn0DFmFHKMc9Yqp1qg","RefreshToken":"3_AS3qfwKpEsBSBJLApPh5A4KBJNIY88VnMm2ansfRtNKydUJfjdlutUYuohEjukjt31REk-PMzxoTD7qxMLaVGYr9BEAhvMo5lBV9HBm0Yg36HA","TokenCreationEpochInSecs":1755068564,"ExpiresInSecs":604800}