<?xml version='1.0' encoding='utf-8' standalone='yes' ?>
<map>
    <string name="prev_event_name">af_initiated_checkout</string>
    <long name="prev_event_timestamp" value="7269288012000" />
    <int name="appsFlyerInAppEventCount" value="2" />
    <string name="gcd">{&quot;retries&quot;:0,&quot;net&quot;:5514233957422}</string>
    <long name="prev_session_dur" value="11" />
    <string name="afUninstallToken">eKndKnYaSGCtqidQPHqDdu:APA91bG6wzJJ1ogrxLffdahrYV-6QNYYCVW9t2KX3Ez1RAd2nIyZQ-qaVxcHfwjsTdywp1wZgW9SbcDf0CSqc8c6IsYXpb0Fx4cDIXhsxy1mlcpptZ9Cygc</string>
    <long name="af_rc_max_age" value="86400" />
    <boolean name="ddl_sent" value="true" />
    <string name="sentSuccessfully">true</string>
    <string name="af_remote_config">eyJmZWF0dXJlcyI6e30sInZlciI6ImRlZmF1bHQudjEuMTYzNzE0OTUyOSJ9</string>
    <int name="versionCode" value="240011260" />
    <boolean name="sentRegisterRequestToAF" value="true" />
    <string name="savedProperties">{&quot;uid&quot;:&quot;7269288012000-5152845664827884226&quot;,&quot;waitForCustomerId&quot;:&quot;false&quot;,&quot;AppUserId&quot;:&quot;24693938&quot;}</string>
    <string name="AF_INSTALLATION">7269288012000-5152845664827884226</string>
    <boolean name="afUninstallToken_queued" value="false" />
    <int name="appsFlyerCount" value="3" />
    <long name="af_rc_timestamp" value="1755054053992" />
    <long name="AppsFlyerTimePassedSincePrevLaunch" value="7269288012000" />
    <boolean name="newGPReferrerSent" value="true" />
    <string name="first_launch">{&quot;net&quot;:-5523944697907,&quot;from_fg&quot;:5523944698891,&quot;start_with&quot;:&quot;activity&quot;,&quot;init_to_fg&quot;:257}</string>
    <string name="appsFlyerFirstInstall"></string>
    <long name="afUninstallToken_received_time" value="1755054055986" />
    <string name="attributionId">{&quot;install_time&quot;:&quot;2025-08-09 10:28:17.489&quot;,&quot;agency&quot;:null,&quot;media_source&quot;:&quot;restricted&quot;,&quot;retargeting_conversion_type&quot;:&quot;re-engagement&quot;,&quot;af_siteid&quot;:null,&quot;af_status&quot;:&quot;Non-organic&quot;,&quot;is_first_launch&quot;:false,&quot;af_sub1&quot;:null,&quot;af_sub5&quot;:null,&quot;click_time&quot;:null,&quot;af_sub4&quot;:null,&quot;af_sub3&quot;:null,&quot;af_sub2&quot;:null,&quot;http_referrer&quot;:null,&quot;campaign&quot;:null,&quot;af_channel&quot;:null,&quot;campaign_id&quot;:null}</string>
</map>
