<?xml version='1.0' encoding='utf-8' standalone='yes' ?>
<map>
    <long name="com.facebook.appevents.SessionInfo.sessionStartTime" value="1745343522385" />
    <long name="com.facebook.appevents.SessionInfo.sessionEndTime" value="1745343651234" />
    <boolean name="bg_startup_tracing" value="false" />
    <int name="com.encdata.Teamxpros.classes.originalInstallVersionCode" value="240011260" />
    <string name="com.facebook.appevents.UserDataStore.internalUserData">{&quot;r2&quot;:&quot;8d3d47537af44aaee1ecc518c0f2aee7b0cdc0f5190815b65f032b585abe7cac,8b1f0f952ce6c8ecaeed38cd2e97b0c80007acbb6f13c4cac678d2826aa4341b,426b1e8e01e59768d2269c9dad4f6835bebbb651a0a8c5064d0690d0bb5b63ee&quot;}</string>
    <int name="com.facebook.appevents.SessionInfo.interruptionCount" value="5" />
    <long name="com.encdata.Teamxpros.classes.cloneTimestamp" value="1745342812346" />
    <string name="com.facebook.appevents.SessionInfo.sessionId">6eb305d2-2f17-4e7f-838e-45dfb0e872c2</string>
</map>
