<?xml version='1.0' encoding='utf-8' standalone='yes' ?>
<map>
    <long name="com.facebook.appevents.SessionInfo.sessionStartTime" value="1755068564539" />
    <long name="com.facebook.appevents.SessionInfo.sessionEndTime" value="1755068654661" />
    <boolean name="bg_startup_tracing" value="false" />
    <int name="com.facebook.appevents.SessionInfo.interruptionCount" value="1" />
    <int name="com.Teamx.appcloner.classes.originalInstallVersionCode" value="20086" />
    <long name="com.Teamx.appcloner.classes.cloneTimestamp" value="1755068212496" />
    <string name="com.facebook.appevents.SessionInfo.sessionId">df0abae3-df12-4f09-b401-df987aeb3e48</string>
</map>
