<?xml version='1.0' encoding='utf-8' standalone='yes' ?>
<map>
    <string name="prev_event_name">af_initiated_checkout</string>
    <long name="prev_event_timestamp" value="7269288012000" />
    <int name="appsFlyerInAppEventCount" value="2" />
    <string name="gcd">{&quot;retries&quot;:0,&quot;net&quot;:5514234052438}</string>
    <long name="prev_session_dur" value="12" />
    <string name="afUninstallToken">cDqQ4vkVTc6o0oAtl5Qaad:APA91bF7G3FahK0KfCukPDoeweI5by0H4Qw9SAEdalfR5TOEzXSdewlFg1WzebU8zF0l_KScm7jvxf9P7nFPGGMB3lKvBXugIErLXEVXhmemKJbLP_Xa_Pw</string>
    <boolean name="ddl_sent" value="true" />
    <long name="af_rc_max_age" value="86400" />
    <string name="sentSuccessfully">true</string>
    <string name="af_remote_config">eyJmZWF0dXJlcyI6e30sInZlciI6ImRlZmF1bHQudjEuMTYzNzE0OTUyOSJ9</string>
    <int name="versionCode" value="240011260" />
    <boolean name="sentRegisterRequestToAF" value="true" />
    <string name="savedProperties">{&quot;uid&quot;:&quot;7269288012000-3124843792530359274&quot;,&quot;waitForCustomerId&quot;:&quot;false&quot;,&quot;AppUserId&quot;:&quot;15540925&quot;}</string>
    <string name="AF_INSTALLATION">7269288012000-3124843792530359274</string>
    <boolean name="afUninstallToken_queued" value="false" />
    <int name="appsFlyerCount" value="3" />
    <long name="af_rc_timestamp" value="1755053958878" />
    <long name="AppsFlyerTimePassedSincePrevLaunch" value="7269288012000" />
    <boolean name="newGPReferrerSent" value="true" />
    <string name="appsFlyerFirstInstall"></string>
    <long name="afUninstallToken_received_time" value="1755053961271" />
    <string name="attributionId">{&quot;install_time&quot;:&quot;2025-08-09 10:31:27.846&quot;,&quot;agency&quot;:null,&quot;media_source&quot;:&quot;restricted&quot;,&quot;retargeting_conversion_type&quot;:&quot;re-engagement&quot;,&quot;af_siteid&quot;:null,&quot;af_status&quot;:&quot;Non-organic&quot;,&quot;is_first_launch&quot;:false,&quot;af_sub1&quot;:null,&quot;af_sub5&quot;:null,&quot;click_time&quot;:null,&quot;af_sub4&quot;:null,&quot;af_sub3&quot;:null,&quot;af_sub2&quot;:null,&quot;http_referrer&quot;:null,&quot;campaign&quot;:null,&quot;af_channel&quot;:null,&quot;campaign_id&quot;:null}</string>
</map>
