<?xml version='1.0' encoding='utf-8' standalone='yes' ?>
<map>
    <long name="com.facebook.appevents.SessionInfo.sessionStartTime" value="1755053958871" />
    <long name="com.facebook.appevents.SessionInfo.sessionEndTime" value="1755053972798" />
    <boolean name="bg_startup_tracing" value="false" />
    <int name="com.encdata.Teamxpros.classes.originalInstallVersionCode" value="240011251" />
    <int name="com.facebook.appevents.SessionInfo.interruptionCount" value="1" />
    <long name="com.encdata.Teamxpros.classes.cloneTimestamp" value="1742657982366" />
    <string name="com.facebook.appevents.SessionInfo.sessionId">6cd48fff-6f7e-412b-a0b8-dcb787582211</string>
</map>
