{"Fid":"eMq8cal5N7tnij6PKKXmwf","Status":3,"AuthToken":"eyJhbGciOiJFUzI1NiIsInR5cCI6IkpXVCJ9.eyJhcHBJZCI6IjE6NzMyNTY1OTIwMjU5OmFuZHJvaWQ6ZjZlNThhYjBlZDIwYzNjZCIsImV4cCI6MTc1NTY3MzUxOCwiZmlkIjoiZU1xOGNhbDVON3RuaWo2UEtLWG13ZiIsInByb2plY3ROdW1iZXIiOjczMjU2NTkyMDI1OX0.AB2LPV8wRQIgZV4gTgZ0nIJi4He91Jf6SthzA31vWlLxcC2ols_GlDUCIQD851tdcal3BVZTCe18ZLznFbaYY6a0HEnY6tFJwvJouw","RefreshToken":"3_AS3qfwJ9tL_hl2BmAilzcsW27hhfvyHng5R7lmnsSoPAVAGQhYrClCv00hf_0lL20bda87qMEtRTusYMeAAIleHoeHpoNLdMEhyb-8eUyOusbA","TokenCreationEpochInSecs":1755068718,"ExpiresInSecs":604800}