<?xml version='1.0' encoding='utf-8' standalone='yes' ?>
<map>
    <string name="preInstallName">vivootapreload_int</string>
    <string name="gcd">{&quot;net&quot;:1472,&quot;retries&quot;:0}</string>
    <long name="prev_session_dur" value="23" />
    <long name="af_rc_max_age" value="86400" />
    <boolean name="ddl_sent" value="true" />
    <string name="sentSuccessfully">true</string>
    <string name="af_remote_config">eyJmZWF0dXJlcyI6e30sInZlciI6ImRlZmF1bHQudjEuMTYzNzE0OTUyOSJ9</string>
    <int name="versionCode" value="20086" />
    <string name="savedProperties">{&quot;uid&quot;:&quot;1755068719370-6162198849736143413&quot;,&quot;preInstallName&quot;:&quot;vivootapreload_int&quot;,&quot;logLevel&quot;:&quot;0&quot;,&quot;advertiserId&quot;:&quot;76a53e33-e904-4d8a-82f2-d6f96f26d8fd&quot;,&quot;advertiserIdEnabled&quot;:&quot;true&quot;}</string>
    <string name="AF_INSTALLATION">1755068719370-6162198849736143413</string>
    <boolean name="afUninstallToken_queued" value="false" />
    <int name="appsFlyerCount" value="1" />
    <long name="af_rc_timestamp" value="1755068716138" />
    <long name="AppsFlyerTimePassedSincePrevLaunch" value="1755068719482" />
    <boolean name="newGPReferrerSent" value="true" />
    <string name="first_launch">{&quot;net&quot;:628,&quot;from_fg&quot;:790,&quot;start_with&quot;:&quot;activity&quot;,&quot;init_to_fg&quot;:3700}</string>
    <string name="appsFlyerFirstInstall">2025-08-13_070519+0000</string>
    <string name="attributionId">{&quot;install_time&quot;:&quot;2025-08-13 07:05:20.781&quot;,&quot;af_message&quot;:&quot;organic install&quot;,&quot;af_status&quot;:&quot;Organic&quot;,&quot;is_first_launch&quot;:false}</string>
</map>
