{"Fid":"eKndKnYaSGCtqidQPHqDdu","Status":3,"AuthToken":"eyJhbGciOiJFUzI1NiIsInR5cCI6IkpXVCJ9.eyJhcHBJZCI6IjE6NjM2ODEzODMyNjYyOmFuZHJvaWQ6NmVlMWZhZWNlZGIzYjFkYmZjNzQ3NyIsImV4cCI6MTc1NTY1ODg1MywiZmlkIjoiZUtuZEtuWWFTR0N0cWlkUVBIcURkdSIsInByb2plY3ROdW1iZXIiOjYzNjgxMzgzMjY2Mn0.AB2LPV8wRQIgD9ArNJZSR6nfsRLnYygmCH4lgDBRSypZ30yqL2_-K84CIQC7qP-IGBd_j5sOPhcLcfKIbWe1f4U6q99Fy8S0M4hb1g","RefreshToken":"3_AS3qfwJawrdffkcp0Nx25LpoAk7xC1zK4n1vJxjrjXOhA-_zY7CQyQaLZIQOtThjHWzka6jJ8Q4HkCPhgxqA4lAxzNt3rG7hn8H_hMnA6URLkGM","TokenCreationEpochInSecs":1755054053,"ExpiresInSecs":604800}