{"Fid":"ew-w3PfvQwOO7ZpMA61v6K","Status":3,"AuthToken":"eyJhbGciOiJFUzI1NiIsInR5cCI6IkpXVCJ9.eyJhcHBJZCI6IjE6ODc2MzMzMzcxNTk2OmFuZHJvaWQ6OTJlMjQzNjFhNmE0YWIzY2Y4MzI2OSIsImV4cCI6MTc1NTY1ODg1NCwiZmlkIjoiZXctdzNQZnZRd09PN1pwTUE2MXY2SyIsInByb2plY3ROdW1iZXIiOjg3NjMzMzM3MTU5Nn0.AB2LPV8wRAIgJDos_mEovPp1ZDDF_i-WEp87doXNoTw74LtSBCsVyowCIBERibgwQLRHEPGkIZ8shdYs3xWpmxgD_pKTe4XExZTl","RefreshToken":"3_AS3qfwJPkKpi65olwGHB1UloFCqXQjUdyTko1nFEyLP-10D-eVF-blXcGPsCYyYHnOLf-sx3IIbQbQvw4BpAKS9aQK6FUjZ0kvo_eS1Br8N2kqk","TokenCreationEpochInSecs":1755054054,"ExpiresInSecs":604800}